{"cameraMode":{"drawMode":0,"name":"Shaded","section":"Shading Mode"},"sceneLighting":true,"audioPlay":false,"sceneViewState":{"m_AlwaysRefresh":false,"showFog":true,"showSkybox":false,"showFlares":true,"showImageEffects":true,"showParticleSystems":true,"showVisualEffectGraphs":true,"m_FxEnabled":true},"in2DMode":false,"pivot":{"x":4.442173480987549,"y":-6.921196937561035,"z":65.58572387695313},"rotation":{"x":-0.17445792257785798,"y":-0.07171069085597992,"z":0.012769789434969426,"w":-0.9820709824562073},"size":17.018577575683595,"orthographic":false}