{"cameraMode":{"drawMode":0,"name":"Shaded","section":"Shading Mode"},"sceneLighting":true,"audioPlay":false,"sceneViewState":{"m_AlwaysRefresh":false,"showFog":true,"showSkybox":false,"showFlares":true,"showImageEffects":true,"showParticleSystems":true,"showVisualEffectGraphs":true,"m_FxEnabled":true},"in2DMode":false,"pivot":{"x":-34.331817626953128,"y":-3.7647438049316408,"z":64.08305358886719},"rotation":{"x":0.13701453804969788,"y":-0.10971944779157639,"z":0.015452147461473942,"w":0.9844458699226379},"size":87.68345642089844,"orthographic":false}