{"cameraMode":{"drawMode":0,"name":"Shaded","section":"Shading Mode"},"sceneLighting":true,"audioPlay":false,"sceneViewState":{"m_AlwaysRefresh":false,"showFog":true,"showSkybox":true,"showFlares":true,"showImageEffects":true,"showParticleSystems":true,"showVisualEffectGraphs":true,"m_FxEnabled":true},"in2DMode":false,"pivot":{"x":2.7264835834503176,"y":2.345634937286377,"z":25.778583526611329},"rotation":{"x":-0.011413361877202988,"y":0.24618613719940186,"z":0.0025440119206905367,"w":0.9693270921707153},"size":2.366025447845459,"orthographic":false}