{"cameraMode":{"drawMode":0,"name":"Shaded","section":"Shading Mode"},"sceneLighting":false,"audioPlay":false,"sceneViewState":{"m_AlwaysRefresh":false,"showFog":true,"showSkybox":false,"showFlares":true,"showImageEffects":true,"showParticleSystems":true,"showVisualEffectGraphs":true,"m_FxEnabled":true},"in2DMode":false,"pivot":{"x":25.680147171020509,"y":21.856773376464845,"z":47.17040252685547},"rotation":{"x":-0.001252122689038515,"y":0.9986297488212586,"z":-0.030283216387033464,"w":-0.04466181620955467},"size":3.1100261211395265,"orthographic":false}