{"cameraMode":{"drawMode":0,"name":"Shaded","section":"Shading Mode"},"sceneLighting":false,"audioPlay":false,"sceneViewState":{"m_AlwaysRefresh":false,"showFog":true,"showSkybox":false,"showFlares":true,"showImageEffects":true,"showParticleSystems":true,"showVisualEffectGraphs":true,"m_FxEnabled":true},"in2DMode":false,"pivot":{"x":11.196837425231934,"y":-30.401458740234376,"z":6.423427581787109},"rotation":{"x":-0.47162148356437685,"y":-0.13964864611625672,"z":0.07592117786407471,"w":-0.8674104809761047},"size":30.555458068847658,"orthographic":false}