{"cameraMode":{"drawMode":0,"name":"Shaded","section":"Shading Mode"},"sceneLighting":true,"audioPlay":false,"sceneViewState":{"m_AlwaysRefresh":false,"showFog":true,"showSkybox":false,"showFlares":true,"showImageEffects":true,"showParticleSystems":true,"showVisualEffectGraphs":true,"m_FxEnabled":true},"in2DMode":false,"pivot":{"x":-0.27293965220451357,"y":0.9499878883361816,"z":0.04863268882036209},"rotation":{"x":-0.41481080651283266,"y":0.5802443027496338,"z":-0.44340386986732485,"w":-0.5428417325019836},"size":1.15069580078125,"orthographic":false}