{"cameraMode":{"drawMode":0,"name":"Shaded","section":"Shading Mode"},"sceneLighting":false,"audioPlay":false,"sceneViewState":{"m_AlwaysRefresh":false,"showFog":true,"showSkybox":false,"showFlares":true,"showImageEffects":true,"showParticleSystems":true,"showVisualEffectGraphs":true,"m_FxEnabled":true},"in2DMode":false,"pivot":{"x":-0.03900004178285599,"y":0.3410000205039978,"z":-0.08400002121925354},"rotation":{"x":-0.37387892603874209,"y":-0.07029887288808823,"z":0.028429770842194558,"w":-0.9244809746742249},"size":0.46582508087158205,"orthographic":false}